Country,ISO3,Indicator,Unit,2018,2019,2020,2021,2022,Measure
Armenia,ARM,"Temperature change with respect to a baseline climatology, corresponding to the period 1951-1980",Degree Celsius,2.739,1.864,1.954,2.183,1.845,
Bangladesh,BGD,"Temperature change with respect to a baseline climatology, corresponding to the period 1951-1980",Degree Celsius,0.911,1.151,0.934,1.326,1.24,
Bhutan,BTN,"Temperature change with respect to a baseline climatology, corresponding to the period 1951-1980",Degree Celsius,1.221,1.136,1.035,1.648,1.456,
Brunei Darussalam,BRN,"Temperature change with respect to a baseline climatology, corresponding to the period 1951-1980",Degree Celsius,0.903,1.221,1.222,0.972,1.048,
Cambodia,KHM,"Temperature change with respect to a baseline climatology, corresponding to the period 1951-1980",Degree Celsius,0.655,1.37,1.275,0.786,0.886,
China,CHN,"Temperature change with respect to a baseline climatology, corresponding to the period 1951-1980",Degree Celsius,1.375,1.411,1.58,1.656,1.855,
Cyprus,CYP,"Temperature change with respect to a baseline climatology, corresponding to the period 1951-1980",Degree Celsius,2.104,1.496,1.632,1.948,1.179,
Georgia,GEO,"Temperature change with respect to a baseline climatology, corresponding to the period 1951-1980",Degree Celsius,2.514,1.775,2.031,1.757,1.632,
India,IND,"Temperature change with respect to a baseline climatology, corresponding to the period 1951-1980",Degree Celsius,0.881,0.813,0.529,0.734,0.784,
Indonesia,IDN,"Temperature change with respect to a baseline climatology, corresponding to the period 1951-1980",Degree Celsius,0.846,1.026,1.192,0.992,0.957,
Iran,IRN,"Temperature change with respect to a baseline climatology, corresponding to the period 1951-1980",Degree Celsius,2.065,1.589,1.335,2.161,2.366,
Iraq,IRQ,"Temperature change with respect to a baseline climatology, corresponding to the period 1951-1980",Degree Celsius,2.394,1.619,1.854,2.661,2.169,
Israel,ISR,"Temperature change with respect to a baseline climatology, corresponding to the period 1951-1980",Degree Celsius,2.139,1.343,1.612,1.964,1.275,
Japan,JPN,"Temperature change with respect to a baseline climatology, corresponding to the period 1951-1980",Degree Celsius,0.908,1.253,1.418,1.253,1.316,
Jordan,JOR,"Temperature change with respect to a baseline climatology, corresponding to the period 1951-1980",Degree Celsius,2.115,1.426,1.772,2.081,1.511,
Kazakhstan,KAZ,"Temperature change with respect to a baseline climatology, corresponding to the period 1951-1980",Degree Celsius,0.605,1.447,2.8,1.41,2.665,
North Korea,PRK,"Temperature change with respect to a baseline climatology, corresponding to the period 1951-1980",Degree Celsius,0.935,1.889,1.892,1.87,1.581,
South Korea,KOR,"Temperature change with respect to a baseline climatology, corresponding to the period 1951-1980",Degree Celsius,0.964,1.521,1.498,1.694,1.546,
Kyrgyzstan,KGZ,"Temperature change with respect to a baseline climatology, corresponding to the period 1951-1980",Degree Celsius,1.155,1.597,1.282,1.297,2.491,
Laos,LAO,"Temperature change with respect to a baseline climatology, corresponding to the period 1951-1980",Degree Celsius,0.788,2.014,1.546,1.078,0.903,
Lebanon,LBN,"Temperature change with respect to a baseline climatology, corresponding to the period 1951-1980",Degree Celsius,2.235,1.494,1.726,2.157,1.413,
Malaysia,MYS,"Temperature change with respect to a baseline climatology, corresponding to the period 1951-1980",Degree Celsius,1.026,1.318,1.281,1.106,1.014,
Maldives,MDV,"Temperature change with respect to a baseline climatology, corresponding to the period 1951-1980",Degree Celsius,0.725,0.989,1.0,0.924,0.559,
Mongolia,MNG,"Temperature change with respect to a baseline climatology, corresponding to the period 1951-1980",Degree Celsius,2.236,1.871,2.384,2.029,2.236,
Myanmar,MMR,"Temperature change with respect to a baseline climatology, corresponding to the period 1951-1980",Degree Celsius,1.087,1.651,1.547,1.553,1.323,
Nepal,NPL,"Temperature change with respect to a baseline climatology, corresponding to the period 1951-1980",Degree Celsius,0.63,0.699,0.059,0.428,0.963,
Oman,OMN,"Temperature change with respect to a baseline climatology, corresponding to the period 1951-1980",Degree Celsius,1.319,1.089,0.757,1.537,1.226,
Pakistan,PAK,"Temperature change with respect to a baseline climatology, corresponding to the period 1951-1980",Degree Celsius,1.572,0.774,0.618,1.344,1.615,
Philippines,PHL,"Temperature change with respect to a baseline climatology, corresponding to the period 1951-1980",Degree Celsius,1.242,1.318,1.47,1.334,1.309,
Saudi Arabia,SAU,"Temperature change with respect to a baseline climatology, corresponding to the period 1951-1980",Degree Celsius,1.849,1.69,1.474,2.227,1.782,
Singapore,SGP,"Temperature change with respect to a baseline climatology, corresponding to the period 1951-1980",Degree Celsius,0.992,1.626,1.407,1.509,1.345,
Sri Lanka,LKA,"Temperature change with respect to a baseline climatology, corresponding to the period 1951-1980",Degree Celsius,0.771,1.223,1.265,0.978,0.937,
Syrian Arab Republic,SYR,"Temperature change with respect to a baseline climatology, corresponding to the period 1951-1980",Degree Celsius,2.424,1.61,1.931,2.327,1.635,
Thailand,THA,"Temperature change with respect to a baseline climatology, corresponding to the period 1951-1980",Degree Celsius,0.813,1.714,1.475,1.012,0.937,
Timor-Leste,TLS,"Temperature change with respect to a baseline climatology, corresponding to the period 1951-1980",Degree Celsius,0.333,0.443,1.351,0.693,0.601,
Türkiye,TUR,"Temperature change with respect to a baseline climatology, corresponding to the period 1951-1980",Degree Celsius,2.617,1.679,1.877,1.92,1.288,
Turkmenistan,TKM,"Temperature change with respect to a baseline climatology, corresponding to the period 1951-1980",Degree Celsius,1.522,1.792,1.503,1.639,2.508,
United Arab Emirates,ARE,"Temperature change with respect to a baseline climatology, corresponding to the period 1951-1980",Degree Celsius,1.705,1.413,1.413,1.898,1.677,
Uzbekistan,UZB,"Temperature change with respect to a baseline climatology, corresponding to the period 1951-1980",Degree Celsius,0.959,1.853,1.627,1.446,2.52,
Viet Nam,VNM,"Temperature change with respect to a baseline climatology, corresponding to the period 1951-1980",Degree Celsius,0.78,1.734,1.418,1.025,0.945,
World,WLD,"Temperature change with respect to a baseline climatology, corresponding to the period 1951-1980",Degree Celsius,1.283,1.435,1.682,1.466,1.374,
Armenia,ARM,Drought,Number of,0.0,0.0,0.0,0.0,0.0,
Armenia,ARM,Extreme temperature,Number of,0.0,0.0,0.0,0.0,0.0,
Armenia,ARM,Flood,Number of,0.0,0.0,0.0,0.0,0.0,
Armenia,ARM,Landslide,Number of,0.0,0.0,0.0,0.0,0.0,
Armenia,ARM,Storm,Number of,1.0,1.0,1.0,0.0,0.0,
Armenia,ARM,TOTAL,Number of,1.0,1.0,1.0,0.0,0.0,
Bangladesh,BGD,Drought,Number of,0.0,0.0,0.0,0.0,0.0,
Bangladesh,BGD,Extreme temperature,Number of,1.0,1.0,0.0,0.0,0.0,
Bangladesh,BGD,Flood,Number of,2.0,1.0,1.0,1.0,1.0,
Bangladesh,BGD,Landslide,Number of,0.0,1.0,0.0,0.0,0.0,
Bangladesh,BGD,Storm,Number of,1.0,3.0,1.0,1.0,1.0,
Bangladesh,BGD,TOTAL,Number of,4.0,6.0,2.0,2.0,2.0,
Bhutan,BTN,Flood,Number of,0.0,0.0,0.0,1.0,0.0,
Bhutan,BTN,Storm,Number of,0.0,0.0,0.0,0.0,0.0,
Bhutan,BTN,TOTAL,Number of,0.0,0.0,0.0,1.0,0.0,
Bhutan,BTN,Wildfire,Number of,0.0,0.0,0.0,0.0,0.0,
Brunei Darussalam,BRN,TOTAL,Number of,0.0,0.0,0.0,0.0,0.0,
Brunei Darussalam,BRN,Wildfire,Number of,0.0,0.0,0.0,0.0,0.0,
Cambodia,KHM,Drought,Number of,0.0,0.0,0.0,0.0,0.0,
Cambodia,KHM,Flood,Number of,1.0,1.0,0.0,3.0,1.0,
Cambodia,KHM,Storm,Number of,0.0,0.0,2.0,1.0,1.0,
Cambodia,KHM,TOTAL,Number of,1.0,1.0,2.0,4.0,2.0,
China,CHN,Drought,Number of,0.0,0.0,0.0,1.0,1.0,
China,CHN,Extreme temperature,Number of,0.0,0.0,0.0,0.0,0.0,
China,CHN,Flood,Number of,8.0,6.0,5.0,4.0,4.0,
China,CHN,Landslide,Number of,0.0,2.0,1.0,0.0,1.0,
China,CHN,Storm,Number of,12.0,4.0,4.0,7.0,1.0,
China,CHN,TOTAL,Number of,20.0,13.0,11.0,12.0,7.0,
China,CHN,Wildfire,Number of,0.0,1.0,1.0,0.0,0.0,
Cyprus,CYP,Drought,Number of,0.0,0.0,0.0,0.0,0.0,
Cyprus,CYP,Extreme temperature,Number of,0.0,0.0,0.0,0.0,0.0,
Cyprus,CYP,Storm,Number of,0.0,0.0,0.0,0.0,0.0,
Cyprus,CYP,TOTAL,Number of,0.0,0.0,0.0,1.0,0.0,
Cyprus,CYP,Wildfire,Number of,0.0,0.0,0.0,1.0,0.0,
Georgia,GEO,Drought,Number of,0.0,0.0,0.0,0.0,0.0,
Georgia,GEO,Flood,Number of,1.0,1.0,1.0,1.0,1.0,
Georgia,GEO,Storm,Number of,0.0,0.0,0.0,0.0,0.0,
Georgia,GEO,TOTAL,Number of,1.0,1.0,1.0,1.0,1.0,
India,IND,Drought,Number of,1.0,0.0,0.0,0.0,0.0,
India,IND,Extreme temperature,Number of,1.0,2.0,0.0,0.0,1.0,
India,IND,Flood,Number of,9.0,5.0,5.0,9.0,3.0,
India,IND,Landslide,Number of,0.0,0.0,2.0,2.0,1.0,
India,IND,Storm,Number of,11.0,5.0,4.0,5.0,2.0,
India,IND,TOTAL,Number of,23.0,12.0,11.0,16.0,7.0,
India,IND,Wildfire,Number of,1.0,0.0,0.0,0.0,0.0,
Indonesia,IDN,Drought,Number of,0.0,0.0,0.0,0.0,0.0,
Indonesia,IDN,Flood,Number of,6.0,11.0,25.0,18.0,13.0,
Indonesia,IDN,Landslide,Number of,2.0,2.0,1.0,2.0,0.0,
Indonesia,IDN,Storm,Number of,0.0,0.0,0.0,1.0,0.0,
Indonesia,IDN,TOTAL,Number of,8.0,14.0,26.0,21.0,13.0,
Indonesia,IDN,Wildfire,Number of,0.0,1.0,0.0,0.0,0.0,
Iran,IRN,Drought,Number of,0.0,0.0,0.0,1.0,0.0,
Iran,IRN,Flood,Number of,1.0,3.0,6.0,1.0,3.0,
Iran,IRN,Landslide,Number of,0.0,0.0,1.0,0.0,0.0,
Iran,IRN,Storm,Number of,0.0,0.0,0.0,2.0,0.0,
Iran,IRN,TOTAL,Number of,1.0,3.0,7.0,4.0,3.0,
Iran,IRN,Wildfire,Number of,0.0,0.0,0.0,0.0,0.0,
Iraq,IRQ,Drought,Number of,0.0,0.0,0.0,1.0,0.0,
Iraq,IRQ,Flood,Number of,1.0,1.0,1.0,2.0,0.0,
Iraq,IRQ,Storm,Number of,0.0,0.0,0.0,0.0,1.0,
Iraq,IRQ,TOTAL,Number of,1.0,1.0,1.0,3.0,1.0,
Israel,ISR,Drought,Number of,0.0,0.0,0.0,0.0,0.0,
Israel,ISR,Extreme temperature,Number of,0.0,0.0,0.0,0.0,0.0,
Israel,ISR,Flood,Number of,1.0,0.0,1.0,0.0,0.0,
Israel,ISR,Storm,Number of,0.0,0.0,0.0,0.0,0.0,
Israel,ISR,TOTAL,Number of,1.0,0.0,2.0,0.0,0.0,
Israel,ISR,Wildfire,Number of,0.0,0.0,1.0,0.0,0.0,
Japan,JPN,Extreme temperature,Number of,1.0,2.0,0.0,0.0,1.0,
Japan,JPN,Flood,Number of,1.0,3.0,1.0,2.0,1.0,
Japan,JPN,Landslide,Number of,0.0,0.0,0.0,1.0,0.0,
Japan,JPN,Storm,Number of,3.0,4.0,3.0,1.0,4.0,
Japan,JPN,TOTAL,Number of,5.0,9.0,4.0,4.0,6.0,
Japan,JPN,Wildfire,Number of,0.0,0.0,0.0,0.0,0.0,
Jordan,JOR,Drought,Number of,0.0,0.0,0.0,0.0,0.0,
Jordan,JOR,Extreme temperature,Number of,0.0,0.0,0.0,0.0,0.0,
Jordan,JOR,Flood,Number of,2.0,0.0,0.0,0.0,0.0,
Jordan,JOR,Storm,Number of,0.0,0.0,0.0,0.0,0.0,
Jordan,JOR,TOTAL,Number of,2.0,0.0,0.0,0.0,0.0,
Kazakhstan,KAZ,Drought,Number of,0.0,0.0,0.0,1.0,0.0,
Kazakhstan,KAZ,Extreme temperature,Number of,0.0,0.0,0.0,0.0,0.0,
Kazakhstan,KAZ,Flood,Number of,1.0,0.0,1.0,0.0,0.0,
Kazakhstan,KAZ,Landslide,Number of,0.0,0.0,0.0,0.0,0.0,
Kazakhstan,KAZ,Storm,Number of,0.0,0.0,0.0,0.0,0.0,
Kazakhstan,KAZ,TOTAL,Number of,1.0,0.0,1.0,1.0,0.0,
Kazakhstan,KAZ,Wildfire,Number of,0.0,0.0,0.0,0.0,0.0,
North Korea,PRK,Drought,Number of,0.0,1.0,0.0,0.0,0.0,
North Korea,PRK,Extreme temperature,Number of,1.0,0.0,0.0,0.0,0.0,
North Korea,PRK,Flood,Number of,1.0,0.0,1.0,1.0,0.0,
North Korea,PRK,Storm,Number of,1.0,1.0,0.0,0.0,0.0,
North Korea,PRK,TOTAL,Number of,3.0,2.0,1.0,1.0,0.0,
South Korea,KOR,Drought,Number of,0.0,0.0,0.0,0.0,0.0,
South Korea,KOR,Extreme temperature,Number of,1.0,0.0,0.0,0.0,1.0,
South Korea,KOR,Flood,Number of,0.0,0.0,2.0,0.0,1.0,
South Korea,KOR,Landslide,Number of,0.0,0.0,0.0,0.0,0.0,
South Korea,KOR,Storm,Number of,0.0,3.0,3.0,1.0,1.0,
South Korea,KOR,TOTAL,Number of,1.0,4.0,5.0,1.0,4.0,
South Korea,KOR,Wildfire,Number of,0.0,1.0,0.0,0.0,1.0,
Kyrgyzstan,KGZ,Drought,Number of,0.0,0.0,0.0,0.0,0.0,
Kyrgyzstan,KGZ,Extreme temperature,Number of,0.0,0.0,0.0,0.0,1.0,
Kyrgyzstan,KGZ,Flood,Number of,0.0,0.0,0.0,0.0,0.0,
Kyrgyzstan,KGZ,Landslide,Number of,0.0,0.0,0.0,1.0,0.0,
Kyrgyzstan,KGZ,Storm,Number of,0.0,0.0,0.0,0.0,0.0,
Kyrgyzstan,KGZ,TOTAL,Number of,0.0,0.0,0.0,1.0,1.0,
Laos,LAO,Drought,Number of,0.0,1.0,0.0,0.0,0.0,
Laos,LAO,Flood,Number of,1.0,1.0,0.0,0.0,1.0,
Laos,LAO,Storm,Number of,2.0,0.0,2.0,1.0,0.0,
Laos,LAO,TOTAL,Number of,3.0,2.0,2.0,1.0,1.0,
Lebanon,LBN,Extreme temperature,Number of,0.0,0.0,0.0,0.0,0.0,
Lebanon,LBN,Flood,Number of,0.0,0.0,0.0,0.0,0.0,
Lebanon,LBN,Storm,Number of,1.0,1.0,0.0,0.0,0.0,
Lebanon,LBN,TOTAL,Number of,1.0,1.0,1.0,0.0,0.0,
Lebanon,LBN,Wildfire,Number of,0.0,0.0,1.0,0.0,0.0,
Malaysia,MYS,Drought,Number of,0.0,0.0,0.0,0.0,0.0,
Malaysia,MYS,Flood,Number of,2.0,4.0,5.0,8.0,5.0,
Malaysia,MYS,Landslide,Number of,0.0,0.0,0.0,0.0,1.0,
Malaysia,MYS,Storm,Number of,0.0,0.0,0.0,0.0,0.0,
Malaysia,MYS,TOTAL,Number of,2.0,4.0,5.0,8.0,6.0,
Malaysia,MYS,Wildfire,Number of,0.0,0.0,0.0,0.0,0.0,
Maldives,MDV,Flood,Number of,0.0,1.0,0.0,0.0,0.0,
Maldives,MDV,Storm,Number of,0.0,0.0,0.0,1.0,0.0,
Maldives,MDV,TOTAL,Number of,0.0,1.0,0.0,1.0,0.0,
Mongolia,MNG,Drought,Number of,0.0,0.0,0.0,0.0,0.0,
Mongolia,MNG,Extreme temperature,Number of,1.0,1.0,0.0,0.0,1.0,
Mongolia,MNG,Flood,Number of,1.0,1.0,3.0,1.0,1.0,
Mongolia,MNG,Landslide,Number of,0.0,0.0,0.0,0.0,0.0,
Mongolia,MNG,Storm,Number of,1.0,1.0,1.0,1.0,0.0,
Mongolia,MNG,TOTAL,Number of,3.0,3.0,4.0,2.0,2.0,
Mongolia,MNG,Wildfire,Number of,0.0,0.0,0.0,0.0,0.0,
Myanmar,MMR,Flood,Number of,3.0,2.0,1.0,1.0,0.0,
Myanmar,MMR,Landslide,Number of,1.0,1.0,1.0,0.0,0.0,
Myanmar,MMR,Storm,Number of,0.0,0.0,0.0,0.0,0.0,
Myanmar,MMR,TOTAL,Number of,4.0,3.0,2.0,1.0,0.0,
Myanmar,MMR,Wildfire,Number of,0.0,0.0,0.0,0.0,0.0,
Nepal,NPL,Drought,Number of,0.0,0.0,0.0,0.0,0.0,
Nepal,NPL,Extreme temperature,Number of,1.0,0.0,0.0,0.0,0.0,
Nepal,NPL,Flood,Number of,1.0,1.0,1.0,4.0,2.0,
Nepal,NPL,Landslide,Number of,0.0,0.0,0.0,0.0,1.0,
Nepal,NPL,Storm,Number of,0.0,1.0,0.0,0.0,1.0,
Nepal,NPL,TOTAL,Number of,2.0,2.0,1.0,4.0,4.0,
Nepal,NPL,Wildfire,Number of,0.0,0.0,0.0,0.0,0.0,
Oman,OMN,Flood,Number of,0.0,1.0,1.0,0.0,0.0,
Oman,OMN,Storm,Number of,2.0,0.0,0.0,2.0,0.0,
Oman,OMN,TOTAL,Number of,2.0,1.0,1.0,2.0,0.0,
Pakistan,PAK,Drought,Number of,0.0,1.0,0.0,0.0,0.0,
Pakistan,PAK,Extreme temperature,Number of,1.0,0.0,0.0,0.0,1.0,
Pakistan,PAK,Flood,Number of,1.0,8.0,4.0,4.0,1.0,
Pakistan,PAK,Landslide,Number of,0.0,0.0,1.0,0.0,0.0,
Pakistan,PAK,Storm,Number of,0.0,1.0,1.0,2.0,1.0,
Pakistan,PAK,TOTAL,Number of,2.0,10.0,6.0,6.0,4.0,
Pakistan,PAK,Wildfire,Number of,0.0,0.0,0.0,0.0,1.0,
Philippines,PHL,Drought,Number of,0.0,1.0,0.0,0.0,0.0,
Philippines,PHL,Flood,Number of,1.0,1.0,0.0,5.0,2.0,
Philippines,PHL,Landslide,Number of,0.0,0.0,1.0,0.0,1.0,
Philippines,PHL,Storm,Number of,7.0,7.0,6.0,8.0,6.0,
Philippines,PHL,TOTAL,Number of,8.0,9.0,7.0,13.0,9.0,
Philippines,PHL,Wildfire,Number of,0.0,0.0,0.0,0.0,0.0,
Saudi Arabia,SAU,Flood,Number of,0.0,3.0,1.0,0.0,0.0,
Saudi Arabia,SAU,Storm,Number of,0.0,0.0,0.0,0.0,0.0,
Saudi Arabia,SAU,TOTAL,Number of,0.0,3.0,1.0,0.0,0.0,
Sri Lanka,LKA,Drought,Number of,0.0,1.0,0.0,0.0,0.0,
Sri Lanka,LKA,Flood,Number of,3.0,5.0,2.0,4.0,3.0,
Sri Lanka,LKA,Landslide,Number of,0.0,0.0,0.0,0.0,0.0,
Sri Lanka,LKA,Storm,Number of,0.0,0.0,1.0,1.0,2.0,
Sri Lanka,LKA,TOTAL,Number of,3.0,6.0,3.0,5.0,5.0,
Syrian Arab Republic,SYR,Drought,Number of,0.0,0.0,0.0,1.0,0.0,
Syrian Arab Republic,SYR,Flood,Number of,0.0,1.0,0.0,1.0,0.0,
Syrian Arab Republic,SYR,Landslide,Number of,0.0,0.0,0.0,0.0,0.0,
Syrian Arab Republic,SYR,Storm,Number of,0.0,0.0,0.0,0.0,1.0,
Syrian Arab Republic,SYR,TOTAL,Number of,0.0,1.0,1.0,2.0,1.0,
Syrian Arab Republic,SYR,Wildfire,Number of,0.0,0.0,1.0,0.0,0.0,
Thailand,THA,Drought,Number of,0.0,1.0,0.0,0.0,0.0,
Thailand,THA,Extreme temperature,Number of,0.0,0.0,0.0,0.0,0.0,
Thailand,THA,Flood,Number of,0.0,1.0,3.0,5.0,9.0,
Thailand,THA,Landslide,Number of,0.0,0.0,0.0,0.0,0.0,
Thailand,THA,Storm,Number of,0.0,1.0,4.0,1.0,2.0,
Thailand,THA,TOTAL,Number of,0.0,3.0,7.0,6.0,11.0,
Thailand,THA,Wildfire,Number of,0.0,0.0,0.0,0.0,0.0,
Timor-Leste,TLS,Drought,Number of,0.0,0.0,0.0,0.0,0.0,
Timor-Leste,TLS,Flood,Number of,0.0,0.0,1.0,0.0,0.0,
Timor-Leste,TLS,Storm,Number of,0.0,0.0,0.0,1.0,0.0,
Timor-Leste,TLS,TOTAL,Number of,0.0,0.0,1.0,1.0,0.0,
Türkiye,TUR,Extreme temperature,Number of,0.0,0.0,0.0,0.0,0.0,
Türkiye,TUR,Flood,Number of,0.0,3.0,3.0,2.0,3.0,
Türkiye,TUR,Landslide,Number of,1.0,0.0,1.0,0.0,0.0,
Türkiye,TUR,Storm,Number of,0.0,0.0,1.0,0.0,0.0,
Türkiye,TUR,TOTAL,Number of,1.0,3.0,5.0,3.0,3.0,
Türkiye,TUR,Wildfire,Number of,0.0,0.0,0.0,1.0,0.0,
Turkmenistan,TKM,Flood,Number of,0.0,0.0,0.0,0.0,0.0,
Turkmenistan,TKM,TOTAL,Number of,0.0,0.0,0.0,0.0,0.0,
United Arab Emirates,ARE,Flood,Number of,0.0,0.0,0.0,0.0,0.0,
United Arab Emirates,ARE,TOTAL,Number of,0.0,0.0,0.0,0.0,0.0,
Uzbekistan,UZB,Drought,Number of,0.0,0.0,0.0,0.0,0.0,
Uzbekistan,UZB,Flood,Number of,0.0,0.0,1.0,0.0,1.0,
Uzbekistan,UZB,Landslide,Number of,0.0,0.0,0.0,1.0,0.0,
Uzbekistan,UZB,TOTAL,Number of,0.0,0.0,1.0,1.0,1.0,
Viet Nam,VNM,Drought,Number of,0.0,1.0,0.0,0.0,0.0,
Viet Nam,VNM,Flood,Number of,3.0,5.0,1.0,3.0,5.0,
Viet Nam,VNM,Landslide,Number of,0.0,0.0,0.0,0.0,0.0,
Viet Nam,VNM,Storm,Number of,4.0,2.0,10.0,5.0,3.0,
Viet Nam,VNM,TOTAL,Number of,7.0,8.0,11.0,8.0,8.0,
Viet Nam,VNM,Wildfire,Number of,0.0,0.0,0.0,0.0,0.0,
Armenia,ARM,Wildfire,Number of,0.0,0.0,0.0,0.0,0.0,
Bangladesh,BGD,Wildfire,Number of,0.0,0.0,0.0,0.0,0.0,
Bhutan,BTN,Extreme temperature,Number of,0.0,0.0,0.0,0.0,0.0,
Bhutan,BTN,Landslide,Number of,0.0,0.0,0.0,0.0,0.0,
Bhutan,BTN,Drought,Number of,0.0,0.0,0.0,0.0,0.0,
Brunei Darussalam,BRN,Flood,Number of,0.0,0.0,0.0,0.0,0.0,
Brunei Darussalam,BRN,Landslide,Number of,0.0,0.0,0.0,0.0,0.0,
Brunei Darussalam,BRN,Storm,Number of,0.0,0.0,0.0,0.0,0.0,
Brunei Darussalam,BRN,Extreme temperature,Number of,0.0,0.0,0.0,0.0,0.0,
Brunei Darussalam,BRN,Drought,Number of,0.0,0.0,0.0,0.0,0.0,
Cambodia,KHM,Extreme temperature,Number of,0.0,0.0,0.0,0.0,0.0,
Cambodia,KHM,Landslide,Number of,0.0,0.0,0.0,0.0,0.0,
Cambodia,KHM,Wildfire,Number of,0.0,0.0,0.0,0.0,0.0,
Cyprus,CYP,Flood,Number of,0.0,0.0,0.0,0.0,0.0,
Cyprus,CYP,Landslide,Number of,0.0,0.0,0.0,0.0,0.0,
Georgia,GEO,Extreme temperature,Number of,0.0,0.0,0.0,0.0,0.0,
Georgia,GEO,Landslide,Number of,0.0,0.0,0.0,0.0,0.0,
Georgia,GEO,Wildfire,Number of,0.0,0.0,0.0,0.0,0.0,
Indonesia,IDN,Extreme temperature,Number of,0.0,0.0,0.0,0.0,0.0,
Iran,IRN,Extreme temperature,Number of,0.0,0.0,0.0,0.0,0.0,
Iraq,IRQ,Extreme temperature,Number of,0.0,0.0,0.0,0.0,0.0,
Iraq,IRQ,Landslide,Number of,0.0,0.0,0.0,0.0,0.0,
Iraq,IRQ,Wildfire,Number of,0.0,0.0,0.0,0.0,0.0,
Israel,ISR,Landslide,Number of,0.0,0.0,0.0,0.0,0.0,
Japan,JPN,Drought,Number of,0.0,0.0,0.0,0.0,0.0,
Jordan,JOR,Landslide,Number of,0.0,0.0,0.0,0.0,0.0,
Jordan,JOR,Wildfire,Number of,0.0,0.0,0.0,0.0,0.0,
North Korea,PRK,Landslide,Number of,0.0,0.0,0.0,0.0,0.0,
North Korea,PRK,Wildfire,Number of,0.0,0.0,0.0,0.0,0.0,
Kyrgyzstan,KGZ,Wildfire,Number of,0.0,0.0,0.0,0.0,0.0,
Laos,LAO,Extreme temperature,Number of,0.0,0.0,0.0,0.0,0.0,
Laos,LAO,Landslide,Number of,0.0,0.0,0.0,0.0,0.0,
Laos,LAO,Wildfire,Number of,0.0,0.0,0.0,0.0,0.0,
Lebanon,LBN,Landslide,Number of,0.0,0.0,0.0,0.0,0.0,
Lebanon,LBN,Drought,Number of,0.0,0.0,0.0,0.0,0.0,
Malaysia,MYS,Extreme temperature,Number of,0.0,0.0,0.0,0.0,0.0,
Maldives,MDV,Drought,Number of,0.0,0.0,0.0,0.0,0.0,
Maldives,MDV,Extreme temperature,Number of,0.0,0.0,0.0,0.0,0.0,
Maldives,MDV,Landslide,Number of,0.0,0.0,0.0,0.0,0.0,
Maldives,MDV,Wildfire,Number of,0.0,0.0,0.0,0.0,0.0,
Myanmar,MMR,Extreme temperature,Number of,0.0,0.0,0.0,0.0,0.0,
Myanmar,MMR,Drought,Number of,0.0,0.0,0.0,0.0,0.0,
Oman,OMN,Drought,Number of,0.0,0.0,0.0,0.0,0.0,
Oman,OMN,Extreme temperature,Number of,0.0,0.0,0.0,0.0,0.0,
Oman,OMN,Landslide,Number of,0.0,0.0,0.0,0.0,0.0,
Oman,OMN,Wildfire,Number of,0.0,0.0,0.0,0.0,0.0,
Philippines,PHL,Extreme temperature,Number of,0.0,0.0,0.0,0.0,0.0,
Saudi Arabia,SAU,Drought,Number of,0.0,0.0,0.0,0.0,0.0,
Saudi Arabia,SAU,Extreme temperature,Number of,0.0,0.0,0.0,0.0,0.0,
Saudi Arabia,SAU,Landslide,Number of,0.0,0.0,0.0,0.0,0.0,
Saudi Arabia,SAU,Wildfire,Number of,0.0,0.0,0.0,0.0,0.0,
Sri Lanka,LKA,Extreme temperature,Number of,0.0,0.0,0.0,0.0,0.0,
Sri Lanka,LKA,Wildfire,Number of,0.0,0.0,0.0,0.0,0.0,
Syrian Arab Republic,SYR,Extreme temperature,Number of,0.0,0.0,0.0,0.0,0.0,
Timor-Leste,TLS,Extreme temperature,Number of,0.0,0.0,0.0,0.0,0.0,
Timor-Leste,TLS,Landslide,Number of,0.0,0.0,0.0,0.0,0.0,
Timor-Leste,TLS,Wildfire,Number of,0.0,0.0,0.0,0.0,0.0,
Türkiye,TUR,Drought,Number of,0.0,0.0,0.0,0.0,0.0,
Turkmenistan,TKM,Landslide,Number of,0.0,0.0,0.0,0.0,0.0,
Turkmenistan,TKM,Wildfire,Number of,0.0,0.0,0.0,0.0,0.0,
Turkmenistan,TKM,Storm,Number of,0.0,0.0,0.0,0.0,0.0,
Turkmenistan,TKM,Extreme temperature,Number of,0.0,0.0,0.0,0.0,0.0,
Turkmenistan,TKM,Drought,Number of,0.0,0.0,0.0,0.0,0.0,
United Arab Emirates,ARE,Landslide,Number of,0.0,0.0,0.0,0.0,0.0,
United Arab Emirates,ARE,Wildfire,Number of,0.0,0.0,0.0,0.0,0.0,
United Arab Emirates,ARE,Storm,Number of,0.0,0.0,0.0,0.0,0.0,
United Arab Emirates,ARE,Extreme temperature,Number of,0.0,0.0,0.0,0.0,0.0,
United Arab Emirates,ARE,Drought,Number of,0.0,0.0,0.0,0.0,0.0,
Uzbekistan,UZB,Extreme temperature,Number of,0.0,0.0,0.0,0.0,0.0,
Uzbekistan,UZB,Storm,Number of,0.0,0.0,0.0,0.0,0.0,
Uzbekistan,UZB,Wildfire,Number of,0.0,0.0,0.0,0.0,0.0,
Viet Nam,VNM,Extreme temperature,Number of,0.0,0.0,0.0,0.0,0.0,
Singapore,SGP,Drought,Number of,0.0,0.0,0.0,0.0,0.0,
Singapore,SGP,Extreme temperature,Number of,0.0,0.0,0.0,0.0,0.0,
Singapore,SGP,Flood,Number of,0.0,0.0,0.0,0.0,0.0,
Singapore,SGP,Landslide,Number of,0.0,0.0,0.0,0.0,0.0,
Singapore,SGP,Storm,Number of,0.0,0.0,0.0,0.0,0.0,
Singapore,SGP,TOTAL,Number of,0.0,0.0,0.0,0.0,0.0,
Singapore,SGP,Wildfire,Number of,0.0,0.0,0.0,0.0,0.0,
World,WLD,TOTAL,Number of,290.0,361.0,375.0,391.0,351.0,
Armenia,ARM,Yearly Atmospheric Carbon Dioxide Concentrations,Parts Per Million,408.715,411.6491666666666,414.2141666666666,416.4141666666667,418.52833333333336,
Armenia,ARM,"Yearly Atmospheric Carbon Dioxide Concentrations, Year on Year Percentage Change",Percent,0.4825,0.7174999999999999,0.6233333333333334,0.5308333333333334,0.5083333333333333,
Bangladesh,BGD,Yearly Atmospheric Carbon Dioxide Concentrations,Parts Per Million,408.715,411.6491666666666,414.2141666666666,416.4141666666667,418.52833333333336,
Bangladesh,BGD,"Yearly Atmospheric Carbon Dioxide Concentrations, Year on Year Percentage Change",Percent,0.4825,0.7174999999999999,0.6233333333333334,0.5308333333333334,0.5083333333333333,
Bhutan,BTN,Yearly Atmospheric Carbon Dioxide Concentrations,Parts Per Million,408.715,411.6491666666666,414.2141666666666,416.4141666666667,418.52833333333336,
Bhutan,BTN,"Yearly Atmospheric Carbon Dioxide Concentrations, Year on Year Percentage Change",Percent,0.4825,0.7174999999999999,0.6233333333333334,0.5308333333333334,0.5083333333333333,
Brunei Darussalam,BRN,Yearly Atmospheric Carbon Dioxide Concentrations,Parts Per Million,408.715,411.6491666666666,414.2141666666666,416.4141666666667,418.52833333333336,
Brunei Darussalam,BRN,"Yearly Atmospheric Carbon Dioxide Concentrations, Year on Year Percentage Change",Percent,0.4825,0.7174999999999999,0.6233333333333334,0.5308333333333334,0.5083333333333333,
Cambodia,KHM,Yearly Atmospheric Carbon Dioxide Concentrations,Parts Per Million,408.715,411.6491666666666,414.2141666666666,416.4141666666667,418.52833333333336,
Cambodia,KHM,"Yearly Atmospheric Carbon Dioxide Concentrations, Year on Year Percentage Change",Percent,0.4825,0.7174999999999999,0.6233333333333334,0.5308333333333334,0.5083333333333333,
China,CHN,Yearly Atmospheric Carbon Dioxide Concentrations,Parts Per Million,408.715,411.6491666666666,414.2141666666666,416.4141666666667,418.52833333333336,
China,CHN,"Yearly Atmospheric Carbon Dioxide Concentrations, Year on Year Percentage Change",Percent,0.4825,0.7174999999999999,0.6233333333333334,0.5308333333333334,0.5083333333333333,
Cyprus,CYP,Yearly Atmospheric Carbon Dioxide Concentrations,Parts Per Million,408.715,411.6491666666666,414.2141666666666,416.4141666666667,418.52833333333336,
Cyprus,CYP,"Yearly Atmospheric Carbon Dioxide Concentrations, Year on Year Percentage Change",Percent,0.4825,0.7174999999999999,0.6233333333333334,0.5308333333333334,0.5083333333333333,
Georgia,GEO,Yearly Atmospheric Carbon Dioxide Concentrations,Parts Per Million,408.715,411.6491666666666,414.2141666666666,416.4141666666667,418.52833333333336,
Georgia,GEO,"Yearly Atmospheric Carbon Dioxide Concentrations, Year on Year Percentage Change",Percent,0.4825,0.7174999999999999,0.6233333333333334,0.5308333333333334,0.5083333333333333,
India,IND,Yearly Atmospheric Carbon Dioxide Concentrations,Parts Per Million,408.715,411.6491666666666,414.2141666666666,416.4141666666667,418.52833333333336,
India,IND,"Yearly Atmospheric Carbon Dioxide Concentrations, Year on Year Percentage Change",Percent,0.4825,0.7174999999999999,0.6233333333333334,0.5308333333333334,0.5083333333333333,
Indonesia,IDN,Yearly Atmospheric Carbon Dioxide Concentrations,Parts Per Million,408.715,411.6491666666666,414.2141666666666,416.4141666666667,418.52833333333336,
Indonesia,IDN,"Yearly Atmospheric Carbon Dioxide Concentrations, Year on Year Percentage Change",Percent,0.4825,0.7174999999999999,0.6233333333333334,0.5308333333333334,0.5083333333333333,
Iran,IRN,Yearly Atmospheric Carbon Dioxide Concentrations,Parts Per Million,408.715,411.6491666666666,414.2141666666666,416.4141666666667,418.52833333333336,
Iran,IRN,"Yearly Atmospheric Carbon Dioxide Concentrations, Year on Year Percentage Change",Percent,0.4825,0.7174999999999999,0.6233333333333334,0.5308333333333334,0.5083333333333333,
Iraq,IRQ,Yearly Atmospheric Carbon Dioxide Concentrations,Parts Per Million,408.715,411.6491666666666,414.2141666666666,416.4141666666667,418.52833333333336,
Iraq,IRQ,"Yearly Atmospheric Carbon Dioxide Concentrations, Year on Year Percentage Change",Percent,0.4825,0.7174999999999999,0.6233333333333334,0.5308333333333334,0.5083333333333333,
Israel,ISR,Yearly Atmospheric Carbon Dioxide Concentrations,Parts Per Million,408.715,411.6491666666666,414.2141666666666,416.4141666666667,418.52833333333336,
Israel,ISR,"Yearly Atmospheric Carbon Dioxide Concentrations, Year on Year Percentage Change",Percent,0.4825,0.7174999999999999,0.6233333333333334,0.5308333333333334,0.5083333333333333,
Japan,JPN,Yearly Atmospheric Carbon Dioxide Concentrations,Parts Per Million,408.715,411.6491666666666,414.2141666666666,416.4141666666667,418.52833333333336,
Japan,JPN,"Yearly Atmospheric Carbon Dioxide Concentrations, Year on Year Percentage Change",Percent,0.4825,0.7174999999999999,0.6233333333333334,0.5308333333333334,0.5083333333333333,
Jordan,JOR,Yearly Atmospheric Carbon Dioxide Concentrations,Parts Per Million,408.715,411.6491666666666,414.2141666666666,416.4141666666667,418.52833333333336,
Jordan,JOR,"Yearly Atmospheric Carbon Dioxide Concentrations, Year on Year Percentage Change",Percent,0.4825,0.7174999999999999,0.6233333333333334,0.5308333333333334,0.5083333333333333,
Kazakhstan,KAZ,Yearly Atmospheric Carbon Dioxide Concentrations,Parts Per Million,408.715,411.6491666666666,414.2141666666666,416.4141666666667,418.52833333333336,
Kazakhstan,KAZ,"Yearly Atmospheric Carbon Dioxide Concentrations, Year on Year Percentage Change",Percent,0.4825,0.7174999999999999,0.6233333333333334,0.5308333333333334,0.5083333333333333,
North Korea,PRK,Yearly Atmospheric Carbon Dioxide Concentrations,Parts Per Million,408.715,411.6491666666666,414.2141666666666,416.4141666666667,418.52833333333336,
North Korea,PRK,"Yearly Atmospheric Carbon Dioxide Concentrations, Year on Year Percentage Change",Percent,0.4825,0.7174999999999999,0.6233333333333334,0.5308333333333334,0.5083333333333333,
South Korea,KOR,Yearly Atmospheric Carbon Dioxide Concentrations,Parts Per Million,408.715,411.6491666666666,414.2141666666666,416.4141666666667,418.52833333333336,
South Korea,KOR,"Yearly Atmospheric Carbon Dioxide Concentrations, Year on Year Percentage Change",Percent,0.4825,0.7174999999999999,0.6233333333333334,0.5308333333333334,0.5083333333333333,
Kyrgyzstan,KGZ,Yearly Atmospheric Carbon Dioxide Concentrations,Parts Per Million,408.715,411.6491666666666,414.2141666666666,416.4141666666667,418.52833333333336,
Kyrgyzstan,KGZ,"Yearly Atmospheric Carbon Dioxide Concentrations, Year on Year Percentage Change",Percent,0.4825,0.7174999999999999,0.6233333333333334,0.5308333333333334,0.5083333333333333,
Laos,LAO,Yearly Atmospheric Carbon Dioxide Concentrations,Parts Per Million,408.715,411.6491666666666,414.2141666666666,416.4141666666667,418.52833333333336,
Laos,LAO,"Yearly Atmospheric Carbon Dioxide Concentrations, Year on Year Percentage Change",Percent,0.4825,0.7174999999999999,0.6233333333333334,0.5308333333333334,0.5083333333333333,
Lebanon,LBN,Yearly Atmospheric Carbon Dioxide Concentrations,Parts Per Million,408.715,411.6491666666666,414.2141666666666,416.4141666666667,418.52833333333336,
Lebanon,LBN,"Yearly Atmospheric Carbon Dioxide Concentrations, Year on Year Percentage Change",Percent,0.4825,0.7174999999999999,0.6233333333333334,0.5308333333333334,0.5083333333333333,
Malaysia,MYS,Yearly Atmospheric Carbon Dioxide Concentrations,Parts Per Million,408.715,411.6491666666666,414.2141666666666,416.4141666666667,418.52833333333336,
Malaysia,MYS,"Yearly Atmospheric Carbon Dioxide Concentrations, Year on Year Percentage Change",Percent,0.4825,0.7174999999999999,0.6233333333333334,0.5308333333333334,0.5083333333333333,
Maldives,MDV,Yearly Atmospheric Carbon Dioxide Concentrations,Parts Per Million,408.715,411.6491666666666,414.2141666666666,416.4141666666667,418.52833333333336,
Maldives,MDV,"Yearly Atmospheric Carbon Dioxide Concentrations, Year on Year Percentage Change",Percent,0.4825,0.7174999999999999,0.6233333333333334,0.5308333333333334,0.5083333333333333,
Mongolia,MNG,Yearly Atmospheric Carbon Dioxide Concentrations,Parts Per Million,408.715,411.6491666666666,414.2141666666666,416.4141666666667,418.52833333333336,
Mongolia,MNG,"Yearly Atmospheric Carbon Dioxide Concentrations, Year on Year Percentage Change",Percent,0.4825,0.7174999999999999,0.6233333333333334,0.5308333333333334,0.5083333333333333,
Myanmar,MMR,Yearly Atmospheric Carbon Dioxide Concentrations,Parts Per Million,408.715,411.6491666666666,414.2141666666666,416.4141666666667,418.52833333333336,
Myanmar,MMR,"Yearly Atmospheric Carbon Dioxide Concentrations, Year on Year Percentage Change",Percent,0.4825,0.7174999999999999,0.6233333333333334,0.5308333333333334,0.5083333333333333,
Nepal,NPL,Yearly Atmospheric Carbon Dioxide Concentrations,Parts Per Million,408.715,411.6491666666666,414.2141666666666,416.4141666666667,418.52833333333336,
Nepal,NPL,"Yearly Atmospheric Carbon Dioxide Concentrations, Year on Year Percentage Change",Percent,0.4825,0.7174999999999999,0.6233333333333334,0.5308333333333334,0.5083333333333333,
Oman,OMN,Yearly Atmospheric Carbon Dioxide Concentrations,Parts Per Million,408.715,411.6491666666666,414.2141666666666,416.4141666666667,418.52833333333336,
Oman,OMN,"Yearly Atmospheric Carbon Dioxide Concentrations, Year on Year Percentage Change",Percent,0.4825,0.7174999999999999,0.6233333333333334,0.5308333333333334,0.5083333333333333,
Pakistan,PAK,Yearly Atmospheric Carbon Dioxide Concentrations,Parts Per Million,408.715,411.6491666666666,414.2141666666666,416.4141666666667,418.52833333333336,
Pakistan,PAK,"Yearly Atmospheric Carbon Dioxide Concentrations, Year on Year Percentage Change",Percent,0.4825,0.7174999999999999,0.6233333333333334,0.5308333333333334,0.5083333333333333,
Philippines,PHL,Yearly Atmospheric Carbon Dioxide Concentrations,Parts Per Million,408.715,411.6491666666666,414.2141666666666,416.4141666666667,418.52833333333336,
Philippines,PHL,"Yearly Atmospheric Carbon Dioxide Concentrations, Year on Year Percentage Change",Percent,0.4825,0.7174999999999999,0.6233333333333334,0.5308333333333334,0.5083333333333333,
Saudi Arabia,SAU,Yearly Atmospheric Carbon Dioxide Concentrations,Parts Per Million,408.715,411.6491666666666,414.2141666666666,416.4141666666667,418.52833333333336,
Saudi Arabia,SAU,"Yearly Atmospheric Carbon Dioxide Concentrations, Year on Year Percentage Change",Percent,0.4825,0.7174999999999999,0.6233333333333334,0.5308333333333334,0.5083333333333333,
Singapore,SGP,Yearly Atmospheric Carbon Dioxide Concentrations,Parts Per Million,408.715,411.6491666666666,414.2141666666666,416.4141666666667,418.52833333333336,
Singapore,SGP,"Yearly Atmospheric Carbon Dioxide Concentrations, Year on Year Percentage Change",Percent,0.4825,0.7174999999999999,0.6233333333333334,0.5308333333333334,0.5083333333333333,
Sri Lanka,LKA,Yearly Atmospheric Carbon Dioxide Concentrations,Parts Per Million,408.715,411.6491666666666,414.2141666666666,416.4141666666667,418.52833333333336,
Sri Lanka,LKA,"Yearly Atmospheric Carbon Dioxide Concentrations, Year on Year Percentage Change",Percent,0.4825,0.7174999999999999,0.6233333333333334,0.5308333333333334,0.5083333333333333,
Syrian Arab Republic,SYR,Yearly Atmospheric Carbon Dioxide Concentrations,Parts Per Million,408.715,411.6491666666666,414.2141666666666,416.4141666666667,418.52833333333336,
Syrian Arab Republic,SYR,"Yearly Atmospheric Carbon Dioxide Concentrations, Year on Year Percentage Change",Percent,0.4825,0.7174999999999999,0.6233333333333334,0.5308333333333334,0.5083333333333333,
Thailand,THA,Yearly Atmospheric Carbon Dioxide Concentrations,Parts Per Million,408.715,411.6491666666666,414.2141666666666,416.4141666666667,418.52833333333336,
Thailand,THA,"Yearly Atmospheric Carbon Dioxide Concentrations, Year on Year Percentage Change",Percent,0.4825,0.7174999999999999,0.6233333333333334,0.5308333333333334,0.5083333333333333,
Timor-Leste,TLS,Yearly Atmospheric Carbon Dioxide Concentrations,Parts Per Million,408.715,411.6491666666666,414.2141666666666,416.4141666666667,418.52833333333336,
Timor-Leste,TLS,"Yearly Atmospheric Carbon Dioxide Concentrations, Year on Year Percentage Change",Percent,0.4825,0.7174999999999999,0.6233333333333334,0.5308333333333334,0.5083333333333333,
Türkiye,TUR,Yearly Atmospheric Carbon Dioxide Concentrations,Parts Per Million,408.715,411.6491666666666,414.2141666666666,416.4141666666667,418.52833333333336,
Türkiye,TUR,"Yearly Atmospheric Carbon Dioxide Concentrations, Year on Year Percentage Change",Percent,0.4825,0.7174999999999999,0.6233333333333334,0.5308333333333334,0.5083333333333333,
Turkmenistan,TKM,Yearly Atmospheric Carbon Dioxide Concentrations,Parts Per Million,408.715,411.6491666666666,414.2141666666666,416.4141666666667,418.52833333333336,
Turkmenistan,TKM,"Yearly Atmospheric Carbon Dioxide Concentrations, Year on Year Percentage Change",Percent,0.4825,0.7174999999999999,0.6233333333333334,0.5308333333333334,0.5083333333333333,
United Arab Emirates,ARE,Yearly Atmospheric Carbon Dioxide Concentrations,Parts Per Million,408.715,411.6491666666666,414.2141666666666,416.4141666666667,418.52833333333336,
United Arab Emirates,ARE,"Yearly Atmospheric Carbon Dioxide Concentrations, Year on Year Percentage Change",Percent,0.4825,0.7174999999999999,0.6233333333333334,0.5308333333333334,0.5083333333333333,
Uzbekistan,UZB,Yearly Atmospheric Carbon Dioxide Concentrations,Parts Per Million,408.715,411.6491666666666,414.2141666666666,416.4141666666667,418.52833333333336,
Uzbekistan,UZB,"Yearly Atmospheric Carbon Dioxide Concentrations, Year on Year Percentage Change",Percent,0.4825,0.7174999999999999,0.6233333333333334,0.5308333333333334,0.5083333333333333,
Viet Nam,VNM,Yearly Atmospheric Carbon Dioxide Concentrations,Parts Per Million,408.715,411.6491666666666,414.2141666666666,416.4141666666667,418.52833333333336,
Viet Nam,VNM,"Yearly Atmospheric Carbon Dioxide Concentrations, Year on Year Percentage Change",Percent,0.4825,0.7174999999999999,0.6233333333333334,0.5308333333333334,0.5083333333333333,
World,WLD,Yearly Atmospheric Carbon Dioxide Concentrations,Parts Per Million,408.715,411.6491666666666,414.2141666666666,416.4141666666667,418.52833333333336,
World,WLD,"Yearly Atmospheric Carbon Dioxide Concentrations, Year on Year Percentage Change",Percent,0.4825,0.7174999999999999,0.6233333333333334,0.5308333333333334,0.5083333333333333,
Armenia,ARM,Carbon stocks in forests,Million tonnes,15.4052,15.3954,15.3855,,,
Armenia,ARM,Forest area,1000 HA,328.89,328.68,328.47,328.26,328.05,
Armenia,ARM,Share of forest area,Percent,11.5521601685985,11.5447839831401,11.5374077976818,11.5300316122234,11.522655426765,
Bangladesh,BGD,Carbon stocks in forests,Million tonnes,81.9844,81.9844,81.9844,,,
Bangladesh,BGD,Forest area,1000 HA,1883.4,1883.4,1883.4,1883.4,1883.4,
Bangladesh,BGD,Share of forest area,Percent,14.4687716063609,14.4687716063609,14.4687716063609,14.4687716063609,14.4687716063609,
Bhutan,BTN,Carbon stocks in forests,Million tonnes,494.0738,494.4333,494.7928,,,
Bhutan,BTN,Forest area,1000 HA,2721.12,2723.1,2725.08,2727.06,2729.04,
Bhutan,BTN,Share of forest area,Percent,71.3455689564761,71.3974829575249,71.4493969585737,71.5013109596224,71.5532249606712,
Brunei Darussalam,BRN,Carbon stocks in forests,Million tonnes,54.701,54.701,54.701,,,
Brunei Darussalam,BRN,Forest area,1000 HA,380.0,380.0,380.0,380.0,380.0,
Brunei Darussalam,BRN,Share of forest area,Percent,72.1062618595825,72.1062618595825,72.1062618595825,72.1062618595825,72.1062618595825,
Cambodia,KHM,Carbon stocks in forests,Million tonnes,425.7751,417.8645,409.9539,,,
Cambodia,KHM,Forest area,1000 HA,8379.75,8224.06,8068.37,7912.68,7756.99,
Cambodia,KHM,Share of forest area,Percent,47.4719578518015,46.589961477453,45.7079651031045,44.825968728756,43.9439723544074,
China,CHN,Carbon stocks in forests,Million tonnes,8387.1366,8553.8275,8724.3346,,,
China,CHN,Forest area,1000 HA,216219.04,218098.61,219978.18,221857.75,223737.32,
China,CHN,Share of forest area,Percent,23.0309121760165,23.2311175399783,23.4313229039402,23.631528267902,23.8317336318638,
Cyprus,CYP,Carbon stocks in forests,Million tonnes,4.2176,4.2827,4.3529,,,
Cyprus,CYP,Forest area,1000 HA,172.57,172.55,172.53,172.51,172.49,
Cyprus,CYP,Share of forest area,Percent,18.6764069264069,18.6742424242424,18.6720779220779,18.6699134199134,18.6677489177489,
Georgia,GEO,Carbon stocks in forests,Million tonnes,212.3009,212.3009,212.3009,,,
Georgia,GEO,Forest area,1000 HA,2822.4,2822.4,2822.4,2822.4,2822.4,
Georgia,GEO,Share of forest area,Percent,40.6159159591308,40.6159159591308,40.6159159591308,40.6159159591308,40.6159159591308,
India,IND,Carbon stocks in forests,Million tonnes,2972.5288,2983.5844,2994.64,,,
India,IND,Forest area,1000 HA,71627.2,71893.6,72160.0,72426.4,72692.8,
India,IND,Share of forest area,Percent,24.0910268095884,24.1806275414622,24.270228273336,24.3598290052099,24.4494297370837,
Indonesia,IDN,Carbon stocks in forests,Million tonnes,9735.8074,9672.6495,9609.4928,,,
Indonesia,IDN,Forest area,1000 HA,93344.27,92738.73,92133.2,91527.6633,90922.1311,
Indonesia,IDN,Share of forest area,Percent,49.7168177792076,49.3942964092507,49.0717803654717,48.3619448681206,48.0419900717626,
Iran,IRN,Carbon stocks in forests,Million tonnes,888.5199,888.5924,888.5345,,,
Iran,IRN,Forest area,1000 HA,10727.03,10743.47,10751.87,10765.63,10775.8167,
Iran,IRN,Share of forest area,Percent,6.61142064714946,6.6215531587057,6.62673035439137,6.63521109399075,6.64148949152542,
Iraq,IRQ,Carbon stocks in forests,Million tonnes,25.7482,25.6163,25.4677,,,
Iraq,IRQ,Forest area,1000 HA,825.0,825.0,825.0,825.0,825.0,
Iraq,IRQ,Share of forest area,Percent,1.90036118379833,1.90036118379833,1.90036118379833,1.90036118379833,1.90036118379833,
Israel,ISR,Carbon stocks in forests,Million tonnes,0.6244,0.6244,0.6244,,,
Israel,ISR,Forest area,1000 HA,140.0,140.0,140.0,140.0,140.0,
Israel,ISR,Share of forest area,Percent,6.46950092421442,6.46950092421442,6.46950092421442,6.46950092421442,6.46950092421442,
Japan,JPN,Carbon stocks in forests,Million tonnes,1770.385,1770.385,1770.385,,,
Japan,JPN,Forest area,1000 HA,24935.0,24935.0,24935.0,24935.0,24935.0,
Japan,JPN,Share of forest area,Percent,68.4087791495199,68.4087791495199,68.4087791495199,68.4087791495199,68.4087791495199,
Jordan,JOR,Carbon stocks in forests,Million tonnes,3.3374,3.3374,3.3374,,,
Jordan,JOR,Forest area,1000 HA,97.5,97.5,97.5,97.5,97.5,
Jordan,JOR,Share of forest area,Percent,1.09822031989187,1.09804716534901,1.09804716534901,1.09804716534901,1.09804716534901,
Kazakhstan,KAZ,Carbon stocks in forests,Million tonnes,172.7308,172.7449,172.734,,,
Kazakhstan,KAZ,Forest area,1000 HA,3396.2012,3425.44,3454.68,3483.9192,3513.1589,
Kazakhstan,KAZ,Share of forest area,Percent,1.25799207319332,1.26882246175501,1.27965329481053,1.29048383153684,1.3013145534689,
North Korea,PRK,Carbon stocks in forests,Million tonnes,243.5093,242.6579,241.8066,,,
North Korea,PRK,Forest area,1000 HA,6072.55,6051.32,6030.09,6008.86,5987.63,
North Korea,PRK,Share of forest area,Percent,50.432273067021,50.255958807408,50.079644547795,49.903330288182,49.7270160285691,
South Korea,KOR,Carbon stocks in forests,Million tonnes,521.5889,533.7967,545.5859,,,
South Korea,KOR,Forest area,1000 HA,6307.0,6297.0,6287.0,6277.0,6267.0,
South Korea,KOR,Share of forest area,Percent,64.6739130434783,64.5184426229508,64.4159836065574,64.3135245901639,64.2110655737705,
Kyrgyzstan,KGZ,Carbon stocks in forests,Million tonnes,38.5077,39.5628,40.6321,,,
Kyrgyzstan,KGZ,Forest area,1000 HA,1278.9,1297.14,1315.38,1333.62,1351.86,
Kyrgyzstan,KGZ,Share of forest area,Percent,6.66788321167883,6.76298227320125,6.85808133472367,6.95318039624609,7.04827945776851,
Laos,LAO,Carbon stocks in forests,Million tonnes,1142.0182,1139.6539,1137.2896,,,
Laos,LAO,Forest area,1000 HA,16664.5,16630.0,16595.5,16561.0,16526.5,
Laos,LAO,Share of forest area,Percent,72.2032062391681,72.053726169844,71.9042461005199,71.7547660311958,71.6052859618717,
Lebanon,LBN,Carbon stocks in forests,Million tonnes,5.0058,5.027,5.0481,,,
Lebanon,LBN,Forest area,1000 HA,142.13,142.73,143.33,143.93,144.53,
Lebanon,LBN,Share of forest area,Percent,13.8934506353861,13.9521016617791,14.010752688172,14.069403714565,14.128054740958,
Malaysia,MYS,Carbon stocks in forests,Million tonnes,2350.1059,2343.9721,2337.8382,,,
Malaysia,MYS,Forest area,1000 HA,19214.34,19164.19,19114.04,19063.89,19013.74,
Malaysia,MYS,Share of forest area,Percent,58.4822401460965,58.3295997565059,58.1769593669152,58.0243189773246,57.871678587734,
Maldives,MDV,Carbon stocks in forests,Million tonnes,0.0645,0.0645,0.0645,,,
Maldives,MDV,Forest area,1000 HA,0.82,0.82,0.82,0.82,0.82,
Maldives,MDV,Share of forest area,Percent,2.73333333333333,2.73333333333333,2.73333333333333,2.73333333333333,2.73333333333333,
Mongolia,MNG,Carbon stocks in forests,Million tonnes,534.3975,534.3557,534.3138,,,
Mongolia,MNG,Forest area,1000 HA,14175.0,14173.89,14172.78,14171.67,14170.56,
Mongolia,MNG,Share of forest area,Percent,9.10255545816196,9.10182513109581,9.09965848797644,9.09894465963877,9.09823321482806,
Myanmar,MMR,Carbon stocks in forests,Million tonnes,2200.5573,2178.3785,2155.92,,,
Myanmar,MMR,Forest area,1000 HA,29123.31,28833.6,28543.89,28254.18,27964.47,
Myanmar,MMR,Share of forest area,Percent,44.6197487360196,44.1758847862724,43.7340309804342,43.2901466284646,42.846262276495,
Nepal,NPL,Carbon stocks in forests,Million tonnes,643.4819,643.4819,643.4819,,,
Nepal,NPL,Forest area,1000 HA,5962.03,5962.03,5962.03,5962.03,5962.03,
Nepal,NPL,Share of forest area,Percent,41.5907220090687,41.5907220090687,41.5907220090687,41.5907220090687,41.5907220090687,
Oman,OMN,Carbon stocks in forests,Million tonnes,0.1671,0.1619,0.1619,,,
Oman,OMN,Forest area,1000 HA,2.6,2.5,2.5,2.4333,2.4111,
Oman,OMN,Share of forest area,Percent,0.0084006462035541,0.0080775444264943,0.0080775444264943,0.0078620355411954,0.0077903069466882,
Pakistan,PAK,Carbon stocks in forests,Million tonnes,175.766,173.8581,171.9503,,,
Pakistan,PAK,Forest area,1000 HA,3808.58,3767.24,3725.9,3684.56,3643.22,
Pakistan,PAK,Share of forest area,Percent,4.94056143628061,4.88693441261934,4.83330738895807,4.7796803652968,4.72605334163553,
Philippines,PHL,Carbon stocks in forests,Million tonnes,920.9604,920.252,919.5644,,,
Philippines,PHL,Forest area,1000 HA,7118.81,7153.7,7188.59,7223.48,7258.37,
Philippines,PHL,Share of forest area,Percent,23.8750041922393,23.9920179763222,24.1090317604051,24.226045544488,24.3430593285709,
Saudi Arabia,SAU,Carbon stocks in forests,Million tonnes,16.1889,16.1889,16.1889,,,
Saudi Arabia,SAU,Forest area,1000 HA,977.0,977.0,977.0,977.0,977.0,
Saudi Arabia,SAU,Share of forest area,Percent,0.454484134921779,0.454484134921779,0.454484134921779,0.454484134921779,0.454484134921779,
Singapore,SGP,Carbon stocks in forests,Million tonnes,1.2202,1.2065,1.1927,,,
Singapore,SGP,Forest area,1000 HA,15.93,15.75,15.57,15.39,15.21,
Singapore,SGP,Share of forest area,Percent,22.3109243697479,21.9972067039106,21.6852367688022,21.4345403899721,21.1838440111421,
Sri Lanka,LKA,Carbon stocks in forests,Million tonnes,100.0328,99.8837,99.7134,,,
Sri Lanka,LKA,Forest area,1000 HA,2119.34,2116.18,2113.02,2109.86,2106.7,
Sri Lanka,LKA,Share of forest area,Percent,34.2580499159447,34.2067102490331,34.1580989330747,34.1070158422244,34.0559327513741,
Syrian Arab Republic,SYR,Carbon stocks in forests,Million tonnes,15.9548,15.9495,15.9495,,,
Syrian Arab Republic,SYR,Forest area,1000 HA,522.08,522.08,522.08,522.08,522.08,
Syrian Arab Republic,SYR,Share of forest area,Percent,2.84310842454937,2.84310842454937,2.84310842454937,2.84310842454937,2.81931537110257,
Thailand,THA,Carbon stocks in forests,Million tonnes,1657.0306,1653.8406,1650.8501,,,
Thailand,THA,Forest area,1000 HA,19945.0,19909.0,19873.0,19837.0,19801.0,
Thailand,THA,Share of forest area,Percent,39.0397150071444,38.9692497406487,38.8987844741529,38.8283192076572,38.7578539411615,
Timor-Leste,TLS,Carbon stocks in forests,Million tonnes,83.3727,83.2464,83.1201,,,
Timor-Leste,TLS,Forest area,1000 HA,923.9,922.5,921.1,919.7,918.3,
Timor-Leste,TLS,Share of forest area,Percent,62.1318090114324,62.0376597175521,61.9435104236718,61.8493611297915,61.7552118359112,
Türkiye,TUR,Carbon stocks in forests,Million tonnes,703.6965,708.7072,713.718,,,
Türkiye,TUR,Forest area,1000 HA,21908.36,22064.36,22220.36,22376.36,22532.36,
Türkiye,TUR,Share of forest area,Percent,28.4660940971636,28.6687888985616,28.8714836999597,29.0741785013578,29.2768733027559,
Turkmenistan,TKM,Carbon stocks in forests,Million tonnes,11.7207,11.7207,11.7207,,,
Turkmenistan,TKM,Forest area,1000 HA,4127.0,4127.0,4127.0,4127.0,4127.0,
Turkmenistan,TKM,Share of forest area,Percent,8.78215904496414,8.78215904496414,8.78215904496414,8.78215904496414,8.78215904496414,
United Arab Emirates,ARE,Carbon stocks in forests,Million tonnes,15.8777,15.8777,15.8777,,,
United Arab Emirates,ARE,Forest area,1000 HA,317.3,317.3,317.3,317.3,317.3,
United Arab Emirates,ARE,Share of forest area,Percent,4.46775556181357,4.46775556181357,4.46775556181357,4.46775556181357,4.46775556181357,
Uzbekistan,UZB,Carbon stocks in forests,Million tonnes,119.0347,119.8802,120.7257,,,
Uzbekistan,UZB,Forest area,1000 HA,3637.98,3663.82,3689.66,3715.5,3741.34,
Uzbekistan,UZB,Share of forest area,Percent,8.25712061408984,8.31637366503615,8.37322137751049,8.43180461723851,8.49046413042492,
Viet Nam,VNM,Carbon stocks in forests,Million tonnes,542.2641,542.9192,546.1873,,,
Viet Nam,VNM,Forest area,1000 HA,14491.29,14567.19,14643.09,14718.99,14794.89,
Viet Nam,VNM,Share of forest area,Percent,46.2346815387217,46.4768416451573,46.7190017515929,46.9611618580284,47.203321964464,
World,WLD,Carbon stocks in forests,Million tonnes,294450.3036,294295.808,294135.6234,,,
World,WLD,Forest area,1000 HA,4068919.5142,4063830.76,4058917.72,4053892.7271,4048942.3738,
Armenia,ARM,Change in mean sea level: Sea level,Millimeters,57.700270270270266,64.09486486486486,66.81702702702702,71.50756756756758,73.79405405405406,World
Bangladesh,BGD,Change in mean sea level: Sea level,Millimeters,57.700270270270266,64.09486486486486,66.81702702702702,71.50756756756758,73.79405405405406,World
Bhutan,BTN,Change in mean sea level: Sea level,Millimeters,57.700270270270266,64.09486486486486,66.81702702702702,71.50756756756758,73.79405405405406,World
Brunei Darussalam,BRN,Change in mean sea level: Sea level,Millimeters,57.700270270270266,64.09486486486486,66.81702702702702,71.50756756756758,73.79405405405406,World
Cambodia,KHM,Change in mean sea level: Sea level,Millimeters,57.700270270270266,64.09486486486486,66.81702702702702,71.50756756756758,73.79405405405406,World
China,CHN,Change in mean sea level: Sea level,Millimeters,57.700270270270266,64.09486486486486,66.81702702702702,71.50756756756758,73.79405405405406,World
Cyprus,CYP,Change in mean sea level: Sea level,Millimeters,57.700270270270266,64.09486486486486,66.81702702702702,71.50756756756758,73.79405405405406,World
Georgia,GEO,Change in mean sea level: Sea level,Millimeters,57.700270270270266,64.09486486486486,66.81702702702702,71.50756756756758,73.79405405405406,World
India,IND,Change in mean sea level: Sea level,Millimeters,57.700270270270266,64.09486486486486,66.81702702702702,71.50756756756758,73.79405405405406,World
Indonesia,IDN,Change in mean sea level: Sea level,Millimeters,57.700270270270266,64.09486486486486,66.81702702702702,71.50756756756758,73.79405405405406,World
Iran,IRN,Change in mean sea level: Sea level,Millimeters,57.700270270270266,64.09486486486486,66.81702702702702,71.50756756756758,73.79405405405406,World
Iraq,IRQ,Change in mean sea level: Sea level,Millimeters,57.700270270270266,64.09486486486486,66.81702702702702,71.50756756756758,73.79405405405406,World
Israel,ISR,Change in mean sea level: Sea level,Millimeters,57.700270270270266,64.09486486486486,66.81702702702702,71.50756756756758,73.79405405405406,World
Japan,JPN,Change in mean sea level: Sea level,Millimeters,57.700270270270266,64.09486486486486,66.81702702702702,71.50756756756758,73.79405405405406,World
Jordan,JOR,Change in mean sea level: Sea level,Millimeters,57.700270270270266,64.09486486486486,66.81702702702702,71.50756756756758,73.79405405405406,World
Kazakhstan,KAZ,Change in mean sea level: Sea level,Millimeters,57.700270270270266,64.09486486486486,66.81702702702702,71.50756756756758,73.79405405405406,World
North Korea,PRK,Change in mean sea level: Sea level,Millimeters,57.700270270270266,64.09486486486486,66.81702702702702,71.50756756756758,73.79405405405406,World
South Korea,KOR,Change in mean sea level: Sea level,Millimeters,57.700270270270266,64.09486486486486,66.81702702702702,71.50756756756758,73.79405405405406,World
Kyrgyzstan,KGZ,Change in mean sea level: Sea level,Millimeters,57.700270270270266,64.09486486486486,66.81702702702702,71.50756756756758,73.79405405405406,World
Laos,LAO,Change in mean sea level: Sea level,Millimeters,57.700270270270266,64.09486486486486,66.81702702702702,71.50756756756758,73.79405405405406,World
Lebanon,LBN,Change in mean sea level: Sea level,Millimeters,57.700270270270266,64.09486486486486,66.81702702702702,71.50756756756758,73.79405405405406,World
Malaysia,MYS,Change in mean sea level: Sea level,Millimeters,57.700270270270266,64.09486486486486,66.81702702702702,71.50756756756758,73.79405405405406,World
Maldives,MDV,Change in mean sea level: Sea level,Millimeters,57.700270270270266,64.09486486486486,66.81702702702702,71.50756756756758,73.79405405405406,World
Mongolia,MNG,Change in mean sea level: Sea level,Millimeters,57.700270270270266,64.09486486486486,66.81702702702702,71.50756756756758,73.79405405405406,World
Myanmar,MMR,Change in mean sea level: Sea level,Millimeters,57.700270270270266,64.09486486486486,66.81702702702702,71.50756756756758,73.79405405405406,World
Nepal,NPL,Change in mean sea level: Sea level,Millimeters,57.700270270270266,64.09486486486486,66.81702702702702,71.50756756756758,73.79405405405406,World
Oman,OMN,Change in mean sea level: Sea level,Millimeters,57.700270270270266,64.09486486486486,66.81702702702702,71.50756756756758,73.79405405405406,World
Pakistan,PAK,Change in mean sea level: Sea level,Millimeters,57.700270270270266,64.09486486486486,66.81702702702702,71.50756756756758,73.79405405405406,World
Philippines,PHL,Change in mean sea level: Sea level,Millimeters,57.700270270270266,64.09486486486486,66.81702702702702,71.50756756756758,73.79405405405406,World
Saudi Arabia,SAU,Change in mean sea level: Sea level,Millimeters,57.700270270270266,64.09486486486486,66.81702702702702,71.50756756756758,73.79405405405406,World
Singapore,SGP,Change in mean sea level: Sea level,Millimeters,57.700270270270266,64.09486486486486,66.81702702702702,71.50756756756758,73.79405405405406,World
Sri Lanka,LKA,Change in mean sea level: Sea level,Millimeters,57.700270270270266,64.09486486486486,66.81702702702702,71.50756756756758,73.79405405405406,World
Syrian Arab Republic,SYR,Change in mean sea level: Sea level,Millimeters,57.700270270270266,64.09486486486486,66.81702702702702,71.50756756756758,73.79405405405406,World
Thailand,THA,Change in mean sea level: Sea level,Millimeters,57.700270270270266,64.09486486486486,66.81702702702702,71.50756756756758,73.79405405405406,World
Timor-Leste,TLS,Change in mean sea level: Sea level,Millimeters,57.700270270270266,64.09486486486486,66.81702702702702,71.50756756756758,73.79405405405406,World
Türkiye,TUR,Change in mean sea level: Sea level,Millimeters,57.700270270270266,64.09486486486486,66.81702702702702,71.50756756756758,73.79405405405406,World
Turkmenistan,TKM,Change in mean sea level: Sea level,Millimeters,57.700270270270266,64.09486486486486,66.81702702702702,71.50756756756758,73.79405405405406,World
United Arab Emirates,ARE,Change in mean sea level: Sea level,Millimeters,57.700270270270266,64.09486486486486,66.81702702702702,71.50756756756758,73.79405405405406,World
Uzbekistan,UZB,Change in mean sea level: Sea level,Millimeters,57.700270270270266,64.09486486486486,66.81702702702702,71.50756756756758,73.79405405405406,World
Viet Nam,VNM,Change in mean sea level: Sea level,Millimeters,57.700270270270266,64.09486486486486,66.81702702702702,71.50756756756758,73.79405405405406,World
World,WLD,Change in mean sea level: Sea level,Millimeters,57.700270270270266,64.09486486486486,66.81702702702702,71.50756756756758,73.79405405405406,World
